BEGIN;
INSERT INTO users (user_id,email,password,created_at) VALUES (51,'malesuada@Aeneangravidanunc.org','password','2020-03-15 12:00:00');
INSERT INTO users (user_id,email,password,created_at) VALUES (52,'Vivamus@habitantmorbitristique.com','password','2020-03-15 12:00:00');
INSERT INTO users (user_id,email,password,created_at) VALUES (53,'mauris.sapien@lorem.org','password','2020-03-15 12:00:00');
INSERT INTO users (user_id,email,password,created_at) VALUES (54,'Maecenas.ornare.egestas@id.org','password','2020-03-15 12:00:00');
INSERT INTO users (user_id,email,password,created_at) VALUES (55,'quam@vehicula.com','password','2020-03-15 12:00:00');
INSERT INTO users (user_id,email,password,created_at) VALUES (56,'et.pede.Nunc@leo.ca','password','2020-03-15 12:00:00');
INSERT INTO users (user_id,email,password,created_at) VALUES (57,'iaculis@iaculisaliquetdiam.ca','password','2020-03-15 12:00:00');
INSERT INTO users (user_id,email,password,created_at) VALUES (58,'rhoncus.id@interdum.net','password','2020-03-15 12:00:00');
INSERT INTO users (user_id,email,password,created_at) VALUES (59,'vulputate.risus.a@vel.ca','password','2020-03-15 12:00:00');
INSERT INTO users (user_id,email,password,created_at) VALUES (60,'gravida.non@neccursusa.org','password','2020-03-15 12:00:00');
INSERT INTO users (user_id,email,password,created_at) VALUES (61,'felis.Donec@nisl.com','password','2020-03-15 12:00:00');
INSERT INTO users (user_id,email,password,created_at) VALUES (62,'elit.Curabitur@semmollis.edu','password','2020-03-15 12:00:00');
INSERT INTO users (user_id,email,password,created_at) VALUES (63,'molestie.tellus@velitjustonec.ca','password','2020-03-15 12:00:00');
INSERT INTO users (user_id,email,password,created_at) VALUES (64,'aliquet@ullamcorper.edu','password','2020-03-15 12:00:00');
INSERT INTO users (user_id,email,password,created_at) VALUES (65,'Suspendisse.aliquet.molestie@egetmassaSuspendisse.com','password','2020-03-15 12:00:00');
INSERT INTO users (user_id,email,password,created_at) VALUES (66,'eu.tellus.Phasellus@velsapienimperdiet.edu','password','2020-03-15 12:00:00');
INSERT INTO users (user_id,email,password,created_at) VALUES (67,'feugiat.placerat.velit@tristique.ca','password','2020-03-15 12:00:00');
INSERT INTO users (user_id,email,password,created_at) VALUES (68,'magna@Maurismolestie.ca','password','2020-03-15 12:00:00');
INSERT INTO users (user_id,email,password,created_at) VALUES (69,'primis.in@erat.co.uk','password','2020-03-15 12:00:00');
INSERT INTO users (user_id,email,password,created_at) VALUES (70,'pede.Suspendisse@Nunc.org','password','2020-03-15 12:00:00');
INSERT INTO users (user_id,email,password,created_at) VALUES (71,'et.ipsum@etmagna.org','password','2020-03-15 12:00:00');
INSERT INTO users (user_id,email,password,created_at) VALUES (72,'Duis.dignissim@utmolestiein.ca','password','2020-03-15 12:00:00');
INSERT INTO users (user_id,email,password,created_at) VALUES (73,'venenatis.vel@Inatpede.net','password','2020-03-15 12:00:00');
INSERT INTO users (user_id,email,password,created_at) VALUES (74,'ipsum.primis.in@non.org','password','2020-03-15 12:00:00');
INSERT INTO users (user_id,email,password,created_at) VALUES (75,'elit.a.feugiat@elit.org','password','2020-03-15 12:00:00');

INSERT INTO riders (rider_id) VALUES (51);
INSERT INTO riders (rider_id) VALUES (52);
INSERT INTO riders (rider_id) VALUES (53);
INSERT INTO riders (rider_id) VALUES (54);
INSERT INTO riders (rider_id) VALUES (55);
INSERT INTO riders (rider_id) VALUES (56);
INSERT INTO riders (rider_id) VALUES (57);
INSERT INTO riders (rider_id) VALUES (58);
INSERT INTO riders (rider_id) VALUES (59);
INSERT INTO riders (rider_id) VALUES (60);
INSERT INTO riders (rider_id) VALUES (61);
INSERT INTO riders (rider_id) VALUES (62);
INSERT INTO riders (rider_id) VALUES (63);
INSERT INTO riders (rider_id) VALUES (64);
INSERT INTO riders (rider_id) VALUES (65);
INSERT INTO riders (rider_id) VALUES (66);
INSERT INTO riders (rider_id) VALUES (67);
INSERT INTO riders (rider_id) VALUES (68);
INSERT INTO riders (rider_id) VALUES (69);
INSERT INTO riders (rider_id) VALUES (70);
INSERT INTO riders (rider_id) VALUES (71);
INSERT INTO riders (rider_id) VALUES (72);
INSERT INTO riders (rider_id) VALUES (73);
INSERT INTO riders (rider_id) VALUES (74);
INSERT INTO riders (rider_id) VALUES (75);

INSERT INTO full_time_riders (rider_id) VALUES (51);
INSERT INTO full_time_riders (rider_id) VALUES (52);
INSERT INTO full_time_riders (rider_id) VALUES (53);
INSERT INTO full_time_riders (rider_id) VALUES (54);
INSERT INTO full_time_riders (rider_id) VALUES (55);
INSERT INTO full_time_riders (rider_id) VALUES (56);
INSERT INTO full_time_riders (rider_id) VALUES (57);
INSERT INTO full_time_riders (rider_id) VALUES (58);
INSERT INTO full_time_riders (rider_id) VALUES (59);
INSERT INTO full_time_riders (rider_id) VALUES (60);
INSERT INTO full_time_riders (rider_id) VALUES (61);
INSERT INTO full_time_riders (rider_id) VALUES (62);
INSERT INTO full_time_riders (rider_id) VALUES (63);

INSERT INTO part_time_riders (rider_id) VALUES (64);
INSERT INTO part_time_riders (rider_id) VALUES (65);
INSERT INTO part_time_riders (rider_id) VALUES (66);
INSERT INTO part_time_riders (rider_id) VALUES (67);
INSERT INTO part_time_riders (rider_id) VALUES (68);
INSERT INTO part_time_riders (rider_id) VALUES (69);
INSERT INTO part_time_riders (rider_id) VALUES (70);
INSERT INTO part_time_riders (rider_id) VALUES (71);
INSERT INTO part_time_riders (rider_id) VALUES (72);
INSERT INTO part_time_riders (rider_id) VALUES (73);
INSERT INTO part_time_riders (rider_id) VALUES (74);
INSERT INTO part_time_riders (rider_id) VALUES (75);

COMMIT;